---
- :name: United Kingdom
  :type: :region
  :fields:
    :country_code: GB
    :oc_jurisdiction_key: gb
    :ilo_region: Europe and Central Asia
    :country: United Kingdom
- :name: Western Sahara
  :type: :region
  :fields:
    :country_code: EH
    :oc_jurisdiction_key: eh
    :ilo_region: Africa
    :country: Western Sahara
- :name: Zambia
  :type: :region
  :fields:
    :country_code: ZM
    :oc_jurisdiction_key: zm
    :ilo_region: Africa
    :country: Zambia
- :name: Zimbabwe
  :type: :region
  :fields:
    :country_code: ZW
    :oc_jurisdiction_key: zw
    :ilo_region: Africa
    :country: Zimbabwe
- :name: Yemen
  :type: :region
  :fields:
    :country_code: YE
    :oc_jurisdiction_key: ye
    :ilo_region: Arab States
    :country: Yemen
- :name: Wallis and Futuna
  :type: :region
  :fields:
    :country_code: WF
    :oc_jurisdiction_key: wf
    :ilo_region: Unknown
    :country: Wallis and Futuna
- :name: Uganda
  :type: :region
  :fields:
    :country_code: UG
    :oc_jurisdiction_key: ug
    :ilo_region: Africa
    :country: Uganda
- :name: Ukraine
  :type: :region
  :fields:
    :country_code: UA
    :oc_jurisdiction_key: ua
    :ilo_region: Europe and Central Asia
    :country: Ukraine
- :name: Turkmenistan
  :type: :region
  :fields:
    :country_code: TM
    :oc_jurisdiction_key: tm
    :ilo_region: Europe and Central Asia
    :country: Turkmenistan
- :name: Tunisia
  :type: :region
  :fields:
    :country_code: TN
    :oc_jurisdiction_key: tn
    :ilo_region: Africa
    :country: Tunisia
- :name: Tonga
  :type: :region
  :fields:
    :country_code: TO
    :oc_jurisdiction_key: to
    :ilo_region: Asia and the Pacific
    :country: Tonga
- :name: Thailand
  :type: :region
  :fields:
    :country_code: TH
    :oc_jurisdiction_key: th
    :ilo_region: Asia and the Pacific
    :country: Thailand
- :name: Turks and Caicos Islands
  :type: :region
  :fields:
    :country_code: TC
    :oc_jurisdiction_key: tc
    :ilo_region: Americas
    :country: Turks and Caicos Islands
- :name: Togo
  :type: :region
  :fields:
    :country_code: TG
    :oc_jurisdiction_key: tg
    :ilo_region: Africa
    :country: Togo
- :name: United States Minor Outlying Islands
  :type: :region
  :fields:
    :country_code: UM
    :oc_jurisdiction_key: um
    :ilo_region: Americas
    :country: United States Minor Outlying Islands
- :name: Trinidad and Tobago
  :type: :region
  :fields:
    :country_code: TT
    :oc_jurisdiction_key: tt
    :ilo_region: Americas
    :country: Trinidad and Tobago
- :name: Tuvalu
  :type: :region
  :fields:
    :country_code: TV
    :oc_jurisdiction_key: tv
    :ilo_region: Asia and the Pacific
    :country: Tuvalu
- :name: Turkey
  :type: :region
  :fields:
    :country_code: TR
    :oc_jurisdiction_key: tr
    :ilo_region: Europe and Central Asia
    :country: Turkey
- :name: Tokelau
  :type: :region
  :fields:
    :country_code: TK
    :oc_jurisdiction_key: tk
    :ilo_region: Unknown
    :country: Tokelau
- :name: Timor-Leste
  :type: :region
  :fields:
    :country_code: TL
    :oc_jurisdiction_key: tl
    :ilo_region: Asia and the Pacific
    :country: Timor-Leste
- :name: Uzbekistan
  :type: :region
  :fields:
    :country_code: UZ
    :oc_jurisdiction_key: uz
    :ilo_region: Europe and Central Asia
    :country: Uzbekistan
- :name: Venezuela
  :type: :region
  :fields:
    :country_code: VE
    :oc_jurisdiction_key: ve
    :ilo_region: Americas
    :country: Venezuela
- :name: Vanuatu
  :type: :region
  :fields:
    :country_code: VU
    :oc_jurisdiction_key: vu
    :ilo_region: Asia and the Pacific
    :country: Vanuatu
- :name: Uruguay
  :type: :region
  :fields:
    :country_code: UY
    :oc_jurisdiction_key: uy
    :ilo_region: Americas
    :country: Uruguay
- :name: South Georgia and the South Sandwich Islands
  :type: :region
  :fields:
    :country_code: GS
    :oc_jurisdiction_key: gs
    :ilo_region: Unknown
    :country: South Georgia and the South Sandwich Islands
- :name: Spain
  :type: :region
  :fields:
    :country_code: ES
    :oc_jurisdiction_key: es
    :ilo_region: Europe and Central Asia
    :country: Spain
- :name: Switzerland
  :type: :region
  :fields:
    :country_code: CH
    :oc_jurisdiction_key: ch
    :ilo_region: Europe and Central Asia
    :country: Switzerland
- :name: Sierra Leone
  :type: :region
  :fields:
    :country_code: SL
    :oc_jurisdiction_key: sl
    :ilo_region: Africa
    :country: Sierra Leone
- :name: Svalbard and Jan Mayen
  :type: :region
  :fields:
    :country_code: SJ
    :oc_jurisdiction_key: sj
    :ilo_region: Europe and Central Asia
    :country: Svalbard and Jan Mayen
- :name: Singapore
  :type: :region
  :fields:
    :country_code: SG
    :oc_jurisdiction_key: sg
    :ilo_region: Asia and the Pacific
    :country: Singapore
- :name: Sweden
  :type: :region
  :fields:
    :country_code: SE
    :oc_jurisdiction_key: se
    :ilo_region: Europe and Central Asia
    :country: Sweden
- :name: Sudan
  :type: :region
  :fields:
    :country_code: SD
    :oc_jurisdiction_key: sd
    :ilo_region: Africa
    :country: Sudan
- :name: Sri Lanka
  :type: :region
  :fields:
    :country_code: LK
    :oc_jurisdiction_key: lk
    :ilo_region: Asia and the Pacific
    :country: Sri Lanka
- :name: Tajikistan
  :type: :region
  :fields:
    :country_code: TJ
    :oc_jurisdiction_key: tj
    :ilo_region: Europe and Central Asia
    :country: Tajikistan
- :name: Sint Maarten (Dutch part)
  :type: :region
  :fields:
    :country_code: SX
    :oc_jurisdiction_key: sx
    :ilo_region: Americas
    :country: Sint Maarten (Dutch part)
- :name: Syrian Arab Republic
  :type: :region
  :fields:
    :country_code: SY
    :oc_jurisdiction_key: sy
    :ilo_region: Arab States
    :country: Syrian Arab Republic
- :name: Swaziland
  :type: :region
  :fields:
    :country_code: SZ
    :oc_jurisdiction_key: sz
    :ilo_region: Africa
    :country: Swaziland
- :name: Suriname
  :type: :region
  :fields:
    :country_code: SR
    :oc_jurisdiction_key: sr
    :ilo_region: Americas
    :country: Suriname
- :name: South Sudan
  :type: :region
  :fields:
    :country_code: SS
    :oc_jurisdiction_key: ss
    :ilo_region: Africa
    :country: South Sudan
- :name: U.S. Virgin Islands
  :type: :region
  :fields:
    :country_code: VI
    :oc_jurisdiction_key: vi
    :ilo_region: Asia and the Pacific
    :country: U.S. Virgin Islands
- :name: Tanzania
  :type: :region
  :fields:
    :country_code: TZ
    :oc_jurisdiction_key: tz
    :ilo_region: Africa
    :country: Tanzania
- :name: Taiwan, Province of China
  :type: :region
  :fields:
    :country_code: TW
    :oc_jurisdiction_key: tw
    :ilo_region: Asia and the Pacific
    :country: Taiwan, Province of China
- :name: Saint Pierre and Miquelon
  :type: :region
  :fields:
    :country_code: PM
    :oc_jurisdiction_key: pm
    :ilo_region: Americas
    :country: Saint Pierre and Miquelon
- :name: Saint Martin (French part)
  :type: :region
  :fields:
    :country_code: MF
    :oc_jurisdiction_key: mf
    :ilo_region: Americas
    :country: Saint Martin (French part)
- :name: Saint Lucia
  :type: :region
  :fields:
    :country_code: LC
    :oc_jurisdiction_key: lc
    :ilo_region: Americas
    :country: Saint Lucia
- :name: Saint Kitts and Nevis
  :type: :region
  :fields:
    :country_code: KN
    :oc_jurisdiction_key: kn
    :ilo_region: Americas
    :country: Saint Kitts and Nevis
- :name: Slovenia
  :type: :region
  :fields:
    :country_code: SI
    :oc_jurisdiction_key: si
    :ilo_region: Europe and Central Asia
    :country: Slovenia
- :name: Saint Helena, Ascension and Tristan da Cunha
  :type: :region
  :fields:
    :country_code: SH
    :oc_jurisdiction_key: sh
    :ilo_region: Africa
    :country: Saint Helena, Ascension and Tristan da Cunha
- :name: Solomon Islands
  :type: :region
  :fields:
    :country_code: SB
    :oc_jurisdiction_key: sb
    :ilo_region: Asia and the Pacific
    :country: Solomon Islands
- :name: Seychelles
  :type: :region
  :fields:
    :country_code: SC
    :oc_jurisdiction_key: sc
    :ilo_region: Africa
    :country: Seychelles
- :name: Saudi Arabia
  :type: :region
  :fields:
    :country_code: SA
    :oc_jurisdiction_key: sa
    :ilo_region: Arab States
    :country: Saudi Arabia
- :name: Serbia
  :type: :region
  :fields:
    :country_code: RS
    :oc_jurisdiction_key: rs
    :ilo_region: Europe and Central Asia
    :country: Serbia
- :name: Somalia
  :type: :region
  :fields:
    :country_code: SO
    :oc_jurisdiction_key: so
    :ilo_region: Africa
    :country: Somalia
- :name: Sao Tome and Principe
  :type: :region
  :fields:
    :country_code: ST
    :oc_jurisdiction_key: st
    :ilo_region: Africa
    :country: Sao Tome and Principe
- :name: San Marino
  :type: :region
  :fields:
    :country_code: SM
    :oc_jurisdiction_key: sm
    :ilo_region: Europe and Central Asia
    :country: San Marino
- :name: Senegal
  :type: :region
  :fields:
    :country_code: SN
    :oc_jurisdiction_key: sn
    :ilo_region: Africa
    :country: Senegal
- :name: Slovakia
  :type: :region
  :fields:
    :country_code: SK
    :oc_jurisdiction_key: sk
    :ilo_region: Europe and Central Asia
    :country: Slovakia
- :name: South Africa
  :type: :region
  :fields:
    :country_code: ZA
    :oc_jurisdiction_key: za
    :ilo_region: Africa
    :country: South Africa
- :name: Saint Vincent and the Grenadines
  :type: :region
  :fields:
    :country_code: VC
    :oc_jurisdiction_key: vc
    :ilo_region: Americas
    :country: Saint Vincent and the Grenadines
- :name: Samoa
  :type: :region
  :fields:
    :country_code: WS
    :oc_jurisdiction_key: ws
    :ilo_region: Asia and the Pacific
    :country: Samoa
- :name: Panama
  :type: :region
  :fields:
    :country_code: PA
    :oc_jurisdiction_key: pa
    :ilo_region: Americas
    :country: Panama
- :name: Saint Barthélemy
  :type: :region
  :fields:
    :country_code: BL
    :oc_jurisdiction_key: bl
    :ilo_region: Unknown
    :country: Saint Barthélemy
- :name: Portugal
  :type: :region
  :fields:
    :country_code: PT
    :oc_jurisdiction_key: pt
    :ilo_region: Europe and Central Asia
    :country: Portugal
- :name: Poland
  :type: :region
  :fields:
    :country_code: PL
    :oc_jurisdiction_key: pl
    :ilo_region: Europe and Central Asia
    :country: Poland
- :name: Pakistan
  :type: :region
  :fields:
    :country_code: PK
    :oc_jurisdiction_key: pk
    :ilo_region: Asia and the Pacific
    :country: Pakistan
- :name: Papua New Guinea
  :type: :region
  :fields:
    :country_code: PG
    :oc_jurisdiction_key: pg
    :ilo_region: Asia and the Pacific
    :country: Papua New Guinea
- :name: Peru
  :type: :region
  :fields:
    :country_code: PE
    :oc_jurisdiction_key: pe
    :ilo_region: Americas
    :country: Peru
- :name: Oman
  :type: :region
  :fields:
    :country_code: OM
    :oc_jurisdiction_key: om
    :ilo_region: Arab States
    :country: Oman
- :name: Palau
  :type: :region
  :fields:
    :country_code: PW
    :oc_jurisdiction_key: pw
    :ilo_region: Asia and the Pacific
    :country: Palau
- :name: Paraguay
  :type: :region
  :fields:
    :country_code: PY
    :oc_jurisdiction_key: py
    :ilo_region: Americas
    :country: Paraguay
- :name: Qatar
  :type: :region
  :fields:
    :country_code: QA
    :oc_jurisdiction_key: qa
    :ilo_region: Arab States
    :country: Qatar
- :name: Puerto Rico
  :type: :region
  :fields:
    :country_code: PR
    :oc_jurisdiction_key: pr
    :ilo_region: Americas
    :country: Puerto Rico
- :name: Palestinian Territory
  :type: :region
  :fields:
    :country_code: PS
    :oc_jurisdiction_key: ps
    :ilo_region: Unknown
    :country: Palestinian Territory
- :name: Rwanda
  :type: :region
  :fields:
    :country_code: RW
    :oc_jurisdiction_key: rw
    :ilo_region: Africa
    :country: Rwanda
- :name: Russia
  :type: :region
  :fields:
    :country_code: RU
    :oc_jurisdiction_key: ru
    :ilo_region: Europe and Central Asia
    :country: Russia
- :name: Réunion
  :type: :region
  :fields:
    :country_code: RE
    :oc_jurisdiction_key: re
    :ilo_region: Africa
    :country: Réunion
- :name: Romania
  :type: :region
  :fields:
    :country_code: RO
    :oc_jurisdiction_key: ro
    :ilo_region: Europe and Central Asia
    :country: Romania
- :name: Norfolk Island
  :type: :region
  :fields:
    :country_code: NF
    :oc_jurisdiction_key: nf
    :ilo_region: Unknown
    :country: Norfolk Island
- :name: Mongolia
  :type: :region
  :fields:
    :country_code: MN
    :oc_jurisdiction_key: mn
    :ilo_region: Asia and the Pacific
    :country: Mongolia
- :name: Northern Mariana Islands
  :type: :region
  :fields:
    :country_code: MP
    :oc_jurisdiction_key: mp
    :ilo_region: Americas
    :country: Northern Mariana Islands
- :name: Montenegro
  :type: :region
  :fields:
    :country_code: ME
    :oc_jurisdiction_key: me
    :ilo_region: Europe and Central Asia
    :country: Montenegro
- :name: Netherlands
  :type: :region
  :fields:
    :country_code: NL
    :oc_jurisdiction_key: nl
    :ilo_region: Europe and Central Asia
    :country: Netherlands
- :name: Norway
  :type: :region
  :fields:
    :country_code: 'NO'
    :oc_jurisdiction_key: 'no'
    :ilo_region: Europe and Central Asia
    :country: Norway
- :name: Nigeria
  :type: :region
  :fields:
    :country_code: NG
    :oc_jurisdiction_key: ng
    :ilo_region: Africa
    :country: Nigeria
- :name: Namibia
  :type: :region
  :fields:
    :country_code: NA
    :oc_jurisdiction_key: na
    :ilo_region: Africa
    :country: Namibia
- :name: New Caledonia
  :type: :region
  :fields:
    :country_code: NC
    :oc_jurisdiction_key: nc
    :ilo_region: Asia and the Pacific
    :country: New Caledonia
- :name: Niger
  :type: :region
  :fields:
    :country_code: NE
    :oc_jurisdiction_key: ne
    :ilo_region: Africa
    :country: Niger
- :name: New Zealand
  :type: :region
  :fields:
    :country_code: NZ
    :oc_jurisdiction_key: nz
    :ilo_region: Asia and the Pacific
    :country: New Zealand
- :name: Nauru
  :type: :region
  :fields:
    :country_code: NR
    :oc_jurisdiction_key: nr
    :ilo_region: Asia and the Pacific
    :country: Nauru
- :name: Niue
  :type: :region
  :fields:
    :country_code: NU
    :oc_jurisdiction_key: nu
    :ilo_region: Asia and the Pacific
    :country: Niue
- :name: Nepal
  :type: :region
  :fields:
    :country_code: NP
    :oc_jurisdiction_key: np
    :ilo_region: Asia and the Pacific
    :country: Nepal
- :name: Nicaragua
  :type: :region
  :fields:
    :country_code: NI
    :oc_jurisdiction_key: ni
    :ilo_region: Americas
    :country: Nicaragua
- :name: Pitcairn
  :type: :region
  :fields:
    :country_code: PN
    :oc_jurisdiction_key: pn
    :ilo_region: Unknown
    :country: Pitcairn
- :name: Philippines
  :type: :region
  :fields:
    :country_code: PH
    :oc_jurisdiction_key: ph
    :ilo_region: Asia and the Pacific
    :country: Philippines
- :name: Monaco
  :type: :region
  :fields:
    :country_code: MC
    :oc_jurisdiction_key: mc
    :ilo_region: Europe and Central Asia
    :country: Monaco
- :name: Moldova
  :type: :region
  :fields:
    :country_code: MD
    :oc_jurisdiction_key: md
    :ilo_region: Europe and Central Asia
    :country: Moldova
- :name: Morocco
  :type: :region
  :fields:
    :country_code: MA
    :oc_jurisdiction_key: ma
    :ilo_region: Africa
    :country: Morocco
- :name: Luxembourg
  :type: :region
  :fields:
    :country_code: LU
    :oc_jurisdiction_key: lu
    :ilo_region: Europe and Central Asia
    :country: Luxembourg
- :name: Micronesia, Federated States of
  :type: :region
  :fields:
    :country_code: FM
    :oc_jurisdiction_key: fm
    :ilo_region: Asia and the Pacific
    :country: Micronesia, Federated States of
- :name: Martinique
  :type: :region
  :fields:
    :country_code: MQ
    :oc_jurisdiction_key: mq
    :ilo_region: Americas
    :country: Martinique
- :name: Mauritania
  :type: :region
  :fields:
    :country_code: MR
    :oc_jurisdiction_key: mr
    :ilo_region: Africa
    :country: Mauritania
- :name: Montserrat
  :type: :region
  :fields:
    :country_code: MS
    :oc_jurisdiction_key: ms
    :ilo_region: Americas
    :country: Montserrat
- :name: Mauritius
  :type: :region
  :fields:
    :country_code: MU
    :oc_jurisdiction_key: mu
    :ilo_region: Africa
    :country: Mauritius
- :name: Maldives
  :type: :region
  :fields:
    :country_code: MV
    :oc_jurisdiction_key: mv
    :ilo_region: Asia and the Pacific
    :country: Maldives
- :name: Mali
  :type: :region
  :fields:
    :country_code: ML
    :oc_jurisdiction_key: ml
    :ilo_region: Africa
    :country: Mali
- :name: Madagascar
  :type: :region
  :fields:
    :country_code: MG
    :oc_jurisdiction_key: mg
    :ilo_region: Africa
    :country: Madagascar
- :name: Mexico
  :type: :region
  :fields:
    :country_code: MX
    :oc_jurisdiction_key: mx
    :ilo_region: Americas
    :country: Mexico
- :name: Malawi
  :type: :region
  :fields:
    :country_code: MW
    :oc_jurisdiction_key: mw
    :ilo_region: Africa
    :country: Malawi
- :name: Myanmar
  :type: :region
  :fields:
    :country_code: MM
    :oc_jurisdiction_key: mm
    :ilo_region: Asia and the Pacific
    :country: Myanmar
- :name: Macao
  :type: :region
  :fields:
    :country_code: MO
    :oc_jurisdiction_key: mo
    :ilo_region: Asia and the Pacific
    :country: Macao
- :name: Mayotte
  :type: :region
  :fields:
    :country_code: YT
    :oc_jurisdiction_key: yt
    :ilo_region: Africa
    :country: Mayotte
- :name: Mozambique
  :type: :region
  :fields:
    :country_code: MZ
    :oc_jurisdiction_key: mz
    :ilo_region: Africa
    :country: Mozambique
- :name: Malaysia
  :type: :region
  :fields:
    :country_code: MY
    :oc_jurisdiction_key: my
    :ilo_region: Asia and the Pacific
    :country: Malaysia
- :name: Jamaica
  :type: :region
  :fields:
    :country_code: JM
    :oc_jurisdiction_key: jm
    :ilo_region: Americas
    :country: Jamaica
- :name: Israel
  :type: :region
  :fields:
    :country_code: IL
    :oc_jurisdiction_key: il
    :ilo_region: Europe and Central Asia
    :country: Israel
- :name: Isle of Man
  :type: :region
  :fields:
    :country_code: IM
    :oc_jurisdiction_key: im
    :ilo_region: Europe and Central Asia
    :country: Isle of Man
- :name: Ireland
  :type: :region
  :fields:
    :country_code: IE
    :oc_jurisdiction_key: ie
    :ilo_region: Europe and Central Asia
    :country: Ireland
- :name: Korea, Democratic People's Republic of
  :type: :region
  :fields:
    :country_code: KP
    :oc_jurisdiction_key: kp
    :ilo_region: Asia and the Pacific
    :country: Korea, Democratic People's Republic of
- :name: Korea, Republic of
  :type: :region
  :fields:
    :country_code: KR
    :oc_jurisdiction_key: kr
    :ilo_region: Asia and the Pacific
    :country: Korea, Republic of
- :name: Kuwait
  :type: :region
  :fields:
    :country_code: KW
    :oc_jurisdiction_key: kw
    :ilo_region: Arab States
    :country: Kuwait
- :name: Kyrgyzstan
  :type: :region
  :fields:
    :country_code: KG
    :oc_jurisdiction_key: kg
    :ilo_region: Europe and Central Asia
    :country: Kyrgyzstan
- :name: Italy
  :type: :region
  :fields:
    :country_code: IT
    :oc_jurisdiction_key: it
    :ilo_region: Europe and Central Asia
    :country: Italy
- :name: Liberia
  :type: :region
  :fields:
    :country_code: LR
    :oc_jurisdiction_key: lr
    :ilo_region: Africa
    :country: Liberia
- :name: Lesotho
  :type: :region
  :fields:
    :country_code: LS
    :oc_jurisdiction_key: ls
    :ilo_region: Africa
    :country: Lesotho
- :name: Lithuania
  :type: :region
  :fields:
    :country_code: LT
    :oc_jurisdiction_key: lt
    :ilo_region: Europe and Central Asia
    :country: Lithuania
- :name: Lebanon
  :type: :region
  :fields:
    :country_code: LB
    :oc_jurisdiction_key: lb
    :ilo_region: Arab States
    :country: Lebanon
- :name: Liechtenstein
  :type: :region
  :fields:
    :country_code: LI
    :oc_jurisdiction_key: li
    :ilo_region: Europe and Central Asia
    :country: Liechtenstein
- :name: Kosovo
  :type: :region
  :fields:
    :country_code: XK
    :oc_jurisdiction_key: xk
    :ilo_region: Europe and Central Asia
    :country: Kosovo
- :name: Malta
  :type: :region
  :fields:
    :country_code: MT
    :oc_jurisdiction_key: mt
    :ilo_region: Europe and Central Asia
    :country: Malta
- :name: Marshall Islands
  :type: :region
  :fields:
    :country_code: MH
    :oc_jurisdiction_key: mh
    :ilo_region: Asia and the Pacific
    :country: Marshall Islands
- :name: Latvia
  :type: :region
  :fields:
    :country_code: LV
    :oc_jurisdiction_key: lv
    :ilo_region: Europe and Central Asia
    :country: Latvia
- :name: Libya
  :type: :region
  :fields:
    :country_code: LY
    :oc_jurisdiction_key: ly
    :ilo_region: Africa
    :country: Libya
- :name: Guam
  :type: :region
  :fields:
    :country_code: GU
    :oc_jurisdiction_key: gu
    :ilo_region: Asia and the Pacific
    :country: Guam
- :name: Hong Kong
  :type: :region
  :fields:
    :country_code: HK
    :oc_jurisdiction_key: hk
    :ilo_region: Asia and the Pacific
    :country: Hong Kong
- :name: Guadeloupe
  :type: :region
  :fields:
    :country_code: GP
    :oc_jurisdiction_key: gp
    :ilo_region: Americas
    :country: Guadeloupe
- :name: Guernsey
  :type: :region
  :fields:
    :country_code: GG
    :oc_jurisdiction_key: gg
    :ilo_region: Unknown
    :country: Guernsey
- :name: India
  :type: :region
  :fields:
    :country_code: IN
    :oc_jurisdiction_key: in
    :ilo_region: Asia and the Pacific
    :country: India
- :name: Indonesia
  :type: :region
  :fields:
    :country_code: ID
    :oc_jurisdiction_key: id
    :ilo_region: Asia and the Pacific
    :country: Indonesia
- :name: Hungary
  :type: :region
  :fields:
    :country_code: HU
    :oc_jurisdiction_key: hu
    :ilo_region: Europe and Central Asia
    :country: Hungary
- :name: Honduras
  :type: :region
  :fields:
    :country_code: HN
    :oc_jurisdiction_key: hn
    :ilo_region: Americas
    :country: Honduras
- :name: Guatemala
  :type: :region
  :fields:
    :country_code: GT
    :oc_jurisdiction_key: gt
    :ilo_region: Americas
    :country: Guatemala
- :name: Jordan
  :type: :region
  :fields:
    :country_code: JO
    :oc_jurisdiction_key: jo
    :ilo_region: Arab States
    :country: Jordan
- :name: Jersey
  :type: :region
  :fields:
    :country_code: JE
    :oc_jurisdiction_key: je
    :ilo_region: Unknown
    :country: Jersey
- :name: Iraq
  :type: :region
  :fields:
    :country_code: IQ
    :oc_jurisdiction_key: iq
    :ilo_region: Arab States
    :country: Iraq
- :name: Iran
  :type: :region
  :fields:
    :country_code: IR
    :oc_jurisdiction_key: ir
    :ilo_region: Asia and the Pacific
    :country: Iran
- :name: Iceland
  :type: :region
  :fields:
    :country_code: IS
    :oc_jurisdiction_key: is
    :ilo_region: Europe and Central Asia
    :country: Iceland
- :name: Holy See (Vatican City State)
  :type: :region
  :fields:
    :country_code: VA
    :oc_jurisdiction_key: va
    :ilo_region: Unknown
    :country: Holy See (Vatican City State)
- :name: Kiribati
  :type: :region
  :fields:
    :country_code: KI
    :oc_jurisdiction_key: ki
    :ilo_region: Asia and the Pacific
    :country: Kiribati
- :name: Kazakhstan
  :type: :region
  :fields:
    :country_code: KZ
    :oc_jurisdiction_key: kz
    :ilo_region: Europe and Central Asia
    :country: Kazakhstan
- :name: Kenya
  :type: :region
  :fields:
    :country_code: KE
    :oc_jurisdiction_key: ke
    :ilo_region: Africa
    :country: Kenya
- :name: Japan
  :type: :region
  :fields:
    :country_code: JP
    :oc_jurisdiction_key: jp
    :ilo_region: Asia and the Pacific
    :country: Japan
- :name: French Guiana
  :type: :region
  :fields:
    :country_code: GF
    :oc_jurisdiction_key: gf
    :ilo_region: Americas
    :country: French Guiana
- :name: France
  :type: :region
  :fields:
    :country_code: FR
    :oc_jurisdiction_key: fr
    :ilo_region: Europe and Central Asia
    :country: France
- :name: Gabon
  :type: :region
  :fields:
    :country_code: GA
    :oc_jurisdiction_key: ga
    :ilo_region: Africa
    :country: Gabon
- :name: Germany
  :type: :region
  :fields:
    :country_code: DE
    :oc_jurisdiction_key: de
    :ilo_region: Europe and Central Asia
    :country: Germany
- :name: Djibouti
  :type: :region
  :fields:
    :country_code: DJ
    :oc_jurisdiction_key: dj
    :ilo_region: Africa
    :country: Djibouti
- :name: Guinea
  :type: :region
  :fields:
    :country_code: GN
    :oc_jurisdiction_key: gn
    :ilo_region: Africa
    :country: Guinea
- :name: Ghana
  :type: :region
  :fields:
    :country_code: GH
    :oc_jurisdiction_key: gh
    :ilo_region: Africa
    :country: Ghana
- :name: Grenada
  :type: :region
  :fields:
    :country_code: GD
    :oc_jurisdiction_key: gd
    :ilo_region: Americas
    :country: Grenada
- :name: Georgia
  :type: :region
  :fields:
    :country_code: GE
    :oc_jurisdiction_key: ge
    :ilo_region: Europe and Central Asia
    :country: Georgia
- :name: Guinea-Bissau
  :type: :region
  :fields:
    :country_code: GW
    :oc_jurisdiction_key: gw
    :ilo_region: Africa
    :country: Guinea-Bissau
- :name: Guyana
  :type: :region
  :fields:
    :country_code: GY
    :oc_jurisdiction_key: gy
    :ilo_region: Americas
    :country: Guyana
- :name: Gibraltar
  :type: :region
  :fields:
    :country_code: GI
    :oc_jurisdiction_key: gi
    :ilo_region: Europe and Central Asia
    :country: Gibraltar
- :name: Greenland
  :type: :region
  :fields:
    :country_code: GL
    :oc_jurisdiction_key: gl
    :ilo_region: Americas
    :country: Greenland
- :name: Gambia
  :type: :region
  :fields:
    :country_code: GM
    :oc_jurisdiction_key: gm
    :ilo_region: Africa
    :country: Gambia
- :name: French Southern Territories
  :type: :region
  :fields:
    :country_code: TF
    :oc_jurisdiction_key: tf
    :ilo_region: Unknown
    :country: French Southern Territories
- :name: French Polynesia
  :type: :region
  :fields:
    :country_code: PF
    :oc_jurisdiction_key: pf
    :ilo_region: Asia and the Pacific
    :country: French Polynesia
- :name: Haiti
  :type: :region
  :fields:
    :country_code: HT
    :oc_jurisdiction_key: ht
    :ilo_region: Americas
    :country: Haiti
- :name: Heard Island and McDonald Islands
  :type: :region
  :fields:
    :country_code: HM
    :oc_jurisdiction_key: hm
    :ilo_region: Unknown
    :country: Heard Island and McDonald Islands
- :name: Greece
  :type: :region
  :fields:
    :country_code: GR
    :oc_jurisdiction_key: gr
    :ilo_region: Europe and Central Asia
    :country: Greece
- :name: Cook Islands
  :type: :region
  :fields:
    :country_code: CK
    :oc_jurisdiction_key: ck
    :ilo_region: Asia and the Pacific
    :country: Cook Islands
- :name: Congo
  :type: :region
  :fields:
    :country_code: CG
    :oc_jurisdiction_key: cg
    :ilo_region: Africa
    :country: Congo
- :name: Dominican Republic
  :type: :region
  :fields:
    :country_code: DO
    :oc_jurisdiction_key: do
    :ilo_region: Americas
    :country: Dominican Republic
- :name: Dominica
  :type: :region
  :fields:
    :country_code: DM
    :oc_jurisdiction_key: dm
    :ilo_region: Americas
    :country: Dominica
- :name: Colombia
  :type: :region
  :fields:
    :country_code: CO
    :oc_jurisdiction_key: co
    :ilo_region: Americas
    :country: Colombia
- :name: Costa Rica
  :type: :region
  :fields:
    :country_code: CR
    :oc_jurisdiction_key: cr
    :ilo_region: Americas
    :country: Costa Rica
- :name: Côte d'Ivoire
  :type: :region
  :fields:
    :country_code: CI
    :oc_jurisdiction_key: ci
    :ilo_region: Africa
    :country: Côte d'Ivoire
- :name: Faroe Islands
  :type: :region
  :fields:
    :country_code: FO
    :oc_jurisdiction_key: fo
    :ilo_region: Europe and Central Asia
    :country: Faroe Islands
- :name: Ecuador
  :type: :region
  :fields:
    :country_code: EC
    :oc_jurisdiction_key: ec
    :ilo_region: Americas
    :country: Ecuador
- :name: Estonia
  :type: :region
  :fields:
    :country_code: EE
    :oc_jurisdiction_key: ee
    :ilo_region: Europe and Central Asia
    :country: Estonia
- :name: Egypt
  :type: :region
  :fields:
    :country_code: EG
    :oc_jurisdiction_key: eg
    :ilo_region: Africa
    :country: Egypt
- :name: Eritrea
  :type: :region
  :fields:
    :country_code: ER
    :oc_jurisdiction_key: er
    :ilo_region: Africa
    :country: Eritrea
- :name: Ethiopia
  :type: :region
  :fields:
    :country_code: ET
    :oc_jurisdiction_key: et
    :ilo_region: Africa
    :country: Ethiopia
- :name: Finland
  :type: :region
  :fields:
    :country_code: FI
    :oc_jurisdiction_key: fi
    :ilo_region: Europe and Central Asia
    :country: Finland
- :name: Fiji
  :type: :region
  :fields:
    :country_code: FJ
    :oc_jurisdiction_key: fj
    :ilo_region: Asia and the Pacific
    :country: Fiji
- :name: Falkland Islands (Malvinas)
  :type: :region
  :fields:
    :country_code: FK
    :oc_jurisdiction_key: fk
    :ilo_region: Americas
    :country: Falkland Islands (Malvinas)
- :name: Croatia
  :type: :region
  :fields:
    :country_code: HR
    :oc_jurisdiction_key: hr
    :ilo_region: Europe and Central Asia
    :country: Croatia
- :name: Equatorial Guinea
  :type: :region
  :fields:
    :country_code: GQ
    :oc_jurisdiction_key: gq
    :ilo_region: Africa
    :country: Equatorial Guinea
- :name: El Salvador
  :type: :region
  :fields:
    :country_code: SV
    :oc_jurisdiction_key: sv
    :ilo_region: Americas
    :country: El Salvador
- :name: Comoros
  :type: :region
  :fields:
    :country_code: KM
    :oc_jurisdiction_key: km
    :ilo_region: Africa
    :country: Comoros
- :name: Canada
  :type: :region
  :fields:
    :country_code: CA
    :oc_jurisdiction_key: ca
    :ilo_region: Americas
    :country: Canada
- :name: Burundi
  :type: :region
  :fields:
    :country_code: BI
    :oc_jurisdiction_key: bi
    :ilo_region: Africa
    :country: Burundi
- :name: Brunei Darussalam
  :type: :region
  :fields:
    :country_code: BN
    :oc_jurisdiction_key: bn
    :ilo_region: Asia and the Pacific
    :country: Brunei Darussalam
- :name: Burkina Faso
  :type: :region
  :fields:
    :country_code: BF
    :oc_jurisdiction_key: bf
    :ilo_region: Africa
    :country: Burkina Faso
- :name: Bulgaria
  :type: :region
  :fields:
    :country_code: BG
    :oc_jurisdiction_key: bg
    :ilo_region: Europe and Central Asia
    :country: Bulgaria
- :name: Curaçao
  :type: :region
  :fields:
    :country_code: CW
    :oc_jurisdiction_key: cw
    :ilo_region: Americas
    :country: Curaçao
- :name: Cyprus
  :type: :region
  :fields:
    :country_code: CY
    :oc_jurisdiction_key: cy
    :ilo_region: Europe and Central Asia
    :country: Cyprus
- :name: China
  :type: :region
  :fields:
    :country_code: CN
    :oc_jurisdiction_key: cn
    :ilo_region: Asia and the Pacific
    :country: China
- :name: Chile
  :type: :region
  :fields:
    :country_code: CL
    :oc_jurisdiction_key: cl
    :ilo_region: Americas
    :country: Chile
- :name: Cameroon
  :type: :region
  :fields:
    :country_code: CM
    :oc_jurisdiction_key: cm
    :ilo_region: Africa
    :country: Cameroon
- :name: Democratic Republic of the Congo
  :type: :region
  :fields:
    :country_code: CD
    :oc_jurisdiction_key: cd
    :ilo_region: Africa
    :country: Democratic Republic of the Congo
- :name: Central African Republic
  :type: :region
  :fields:
    :country_code: CF
    :oc_jurisdiction_key: cf
    :ilo_region: Africa
    :country: Central African Republic
- :name: Cayman Islands
  :type: :region
  :fields:
    :country_code: KY
    :oc_jurisdiction_key: ky
    :ilo_region: Americas
    :country: Cayman Islands
- :name: Denmark
  :type: :region
  :fields:
    :country_code: DK
    :oc_jurisdiction_key: dk
    :ilo_region: Europe and Central Asia
    :country: Denmark
- :name: Czech Republic
  :type: :region
  :fields:
    :country_code: CZ
    :oc_jurisdiction_key: cz
    :ilo_region: Europe and Central Asia
    :country: Czech Republic
- :name: Cuba
  :type: :region
  :fields:
    :country_code: CU
    :oc_jurisdiction_key: cu
    :ilo_region: Americas
    :country: Cuba
- :name: Cape Verde
  :type: :region
  :fields:
    :country_code: CV
    :oc_jurisdiction_key: cv
    :ilo_region: Africa
    :country: Cape Verde
- :name: Chad
  :type: :region
  :fields:
    :country_code: TD
    :oc_jurisdiction_key: td
    :ilo_region: Africa
    :country: Chad
- :name: Cambodia
  :type: :region
  :fields:
    :country_code: KH
    :oc_jurisdiction_key: kh
    :ilo_region: Asia and the Pacific
    :country: Cambodia
- :name: Belgium
  :type: :region
  :fields:
    :country_code: BE
    :oc_jurisdiction_key: be
    :ilo_region: Europe and Central Asia
    :country: Belgium
- :name: Bosnia and Herzegovina
  :type: :region
  :fields:
    :country_code: BA
    :oc_jurisdiction_key: ba
    :ilo_region: Europe and Central Asia
    :country: Bosnia and Herzegovina
- :name: Antarctica
  :type: :region
  :fields:
    :country_code: AQ
    :oc_jurisdiction_key: aq
    :ilo_region: Unknown
    :country: Antarctica
- :name: Antigua and Barbuda
  :type: :region
  :fields:
    :country_code: AG
    :oc_jurisdiction_key: ag
    :ilo_region: Americas
    :country: Antigua and Barbuda
- :name: Anguilla
  :type: :region
  :fields:
    :country_code: AI
    :oc_jurisdiction_key: ai
    :ilo_region: Americas
    :country: Anguilla
- :name: Belarus
  :type: :region
  :fields:
    :country_code: BY
    :oc_jurisdiction_key: by
    :ilo_region: Europe and Central Asia
    :country: Belarus
- :name: Belize
  :type: :region
  :fields:
    :country_code: BZ
    :oc_jurisdiction_key: bz
    :ilo_region: Americas
    :country: Belize
- :name: Benin
  :type: :region
  :fields:
    :country_code: BJ
    :oc_jurisdiction_key: bj
    :ilo_region: Africa
    :country: Benin
- :name: Bermuda
  :type: :region
  :fields:
    :country_code: BM
    :oc_jurisdiction_key: bm
    :ilo_region: Americas
    :country: Bermuda
- :name: Bolivia
  :type: :region
  :fields:
    :country_code: BO
    :oc_jurisdiction_key: bo
    :ilo_region: Asia and the Pacific
    :country: Bolivia
- :name: Bonaire, Sint Eustatius and Saba
  :type: :region
  :fields:
    :country_code: BQ
    :oc_jurisdiction_key: bq
    :ilo_region: Americas
    :country: Bonaire, Sint Eustatius and Saba
- :name: British Virgin Islands
  :type: :region
  :fields:
    :country_code: VG
    :oc_jurisdiction_key: vg
    :ilo_region: Americas
    :country: British Virgin Islands
- :name: British Indian Ocean Territory
  :type: :region
  :fields:
    :country_code: IO
    :oc_jurisdiction_key: io
    :ilo_region: Unknown
    :country: British Indian Ocean Territory
- :name: Christmas Island
  :type: :region
  :fields:
    :country_code: CX
    :oc_jurisdiction_key: cx
    :ilo_region: Unknown
    :country: Christmas Island
- :name: Cocos (Keeling) Islands
  :type: :region
  :fields:
    :country_code: CC
    :oc_jurisdiction_key: cc
    :ilo_region: Unknown
    :country: Cocos (Keeling) Islands
- :name: Brazil
  :type: :region
  :fields:
    :country_code: BR
    :oc_jurisdiction_key: br
    :ilo_region: Americas
    :country: Brazil
- :name: Bhutan
  :type: :region
  :fields:
    :country_code: BT
    :oc_jurisdiction_key: bt
    :ilo_region: Asia and the Pacific
    :country: Bhutan
- :name: Bouvet Island
  :type: :region
  :fields:
    :country_code: BV
    :oc_jurisdiction_key: bv
    :ilo_region: Europe and Central Asia
    :country: Bouvet Island
- :name: Botswana
  :type: :region
  :fields:
    :country_code: BW
    :oc_jurisdiction_key: bw
    :ilo_region: Africa
    :country: Botswana
- :name: Albania
  :type: :region
  :fields:
    :country_code: AL
    :oc_jurisdiction_key: al
    :ilo_region: Europe and Central Asia
    :country: Albania
- :name: Barbados
  :type: :region
  :fields:
    :country_code: BB
    :oc_jurisdiction_key: bb
    :ilo_region: Americas
    :country: Barbados
- :name: Austria
  :type: :region
  :fields:
    :country_code: AT
    :oc_jurisdiction_key: at
    :ilo_region: Europe and Central Asia
    :country: Austria
- :name: Argentina
  :type: :region
  :fields:
    :country_code: AR
    :oc_jurisdiction_key: ar
    :ilo_region: Americas
    :country: Argentina
- :name: Armenia
  :type: :region
  :fields:
    :country_code: AM
    :oc_jurisdiction_key: am
    :ilo_region: Europe and Central Asia
    :country: Armenia
- :name: Afghanistan
  :type: :region
  :fields:
    :country_code: AF
    :oc_jurisdiction_key: af
    :ilo_region: Asia and the Pacific
    :country: Afghanistan
- :name: Bahamas
  :type: :region
  :fields:
    :country_code: BS
    :oc_jurisdiction_key: bs
    :ilo_region: Americas
    :country: Bahamas
- :name: Bahrain
  :type: :region
  :fields:
    :country_code: BH
    :oc_jurisdiction_key: bh
    :ilo_region: Arab States
    :country: Bahrain
- :name: Bangladesh
  :type: :region
  :fields:
    :country_code: BD
    :oc_jurisdiction_key: bd
    :ilo_region: Asia and the Pacific
    :country: Bangladesh
- :name: Australia
  :type: :region
  :fields:
    :country_code: AU
    :oc_jurisdiction_key: au
    :ilo_region: Asia and the Pacific
    :country: Australia
- :name: Aruba
  :type: :region
  :fields:
    :country_code: AW
    :oc_jurisdiction_key: aw
    :ilo_region: Americas
    :country: Aruba
- :name: Åland Islands
  :type: :region
  :fields:
    :country_code: AX
    :oc_jurisdiction_key: ax
    :ilo_region: Europe and Central Asia
    :country: Åland Islands
- :name: Azerbaijan
  :type: :region
  :fields:
    :country_code: AZ
    :oc_jurisdiction_key: az
    :ilo_region: Europe and Central Asia
    :country: Azerbaijan
- :name: Algeria
  :type: :region
  :fields:
    :country_code: DZ
    :oc_jurisdiction_key: dz
    :ilo_region: Africa
    :country: Algeria
- :name: American Samoa
  :type: :region
  :fields:
    :country_code: AS
    :oc_jurisdiction_key: as
    :ilo_region: Americas
    :country: American Samoa
- :name: Angola
  :type: :region
  :fields:
    :country_code: AO
    :oc_jurisdiction_key: ao
    :ilo_region: Africa
    :country: Angola
- :name: Andorra
  :type: :region
  :fields:
    :country_code: AD
    :oc_jurisdiction_key: ad
    :ilo_region: Europe and Central Asia
    :country: Andorra
- :name: Viet Nam
  :type: :region
  :fields:
    :country_code: VN
    :oc_jurisdiction_key: vn
- :name: Macedonia
  :type: :region
  :fields:
    :country_code: MK
    :oc_jurisdiction_key: mk
- :name: Lao People's Democratic Republic
  :type: :region
  :fields:
    :country_code: LA
    :oc_jurisdiction_key: la
- :name: Heilongjiang (China)
  :type: :region
  :fields:
    :oc_jurisdiction_key: cn_23
    :ilo_region: Asia and the Pacific
    :country: China
- :name: Henan (China)
  :type: :region
  :fields:
    :oc_jurisdiction_key: cn_41
    :ilo_region: Asia and the Pacific
    :country: China
- :name: Hubei (China)
  :type: :region
  :fields:
    :oc_jurisdiction_key: cn_42
    :ilo_region: Asia and the Pacific
    :country: China
- :name: Hunan (China)
  :type: :region
  :fields:
    :oc_jurisdiction_key: cn_43
    :ilo_region: Asia and the Pacific
    :country: China
- :name: Hainan (China)
  :type: :region
  :fields:
    :oc_jurisdiction_key: cn_46
    :ilo_region: Asia and the Pacific
    :country: China
- :name: Hebei (China)
  :type: :region
  :fields:
    :oc_jurisdiction_key: cn_13
    :ilo_region: Asia and the Pacific
    :country: China
- :name: Manitoba (Canada)
  :type: :region
  :fields:
    :oc_jurisdiction_key: ca_mb
    :ilo_region: Americas
    :country: Canada
- :name: Alberta (Canada)
  :type: :region
  :fields:
    :oc_jurisdiction_key: ca_ab
    :ilo_region: Americas
    :country: Canada
- :name: British Columbia (Canada)
  :type: :region
  :fields:
    :oc_jurisdiction_key: ca_bc
    :ilo_region: Americas
    :country: Canada
- :name: Ras Al-khaimah (United Arab Emirates)
  :type: :region
  :fields:
    :oc_jurisdiction_key: ae_rk
    :ilo_region: Arab States
    :country: United Arab Emirates
- :name: Sharjah (United Arab Emirates)
  :type: :region
  :fields:
    :oc_jurisdiction_key: ae_sh
    :ilo_region: Arab States
    :country: United Arab Emirates
- :name: Anhui (China)
  :type: :region
  :fields:
    :oc_jurisdiction_key: cn_34
    :ilo_region: Asia and the Pacific
    :country: China
- :name: Beijing (China)
  :type: :region
  :fields:
    :oc_jurisdiction_key: cn_11
    :ilo_region: Asia and the Pacific
    :country: China
- :name: Chongqing (China)
  :type: :region
  :fields:
    :oc_jurisdiction_key: cn_50
    :ilo_region: Asia and the Pacific
    :country: China
- :name: Fujian (China)
  :type: :region
  :fields:
    :oc_jurisdiction_key: cn_35
    :ilo_region: Asia and the Pacific
    :country: China
- :name: Gansu (China)
  :type: :region
  :fields:
    :oc_jurisdiction_key: cn_62
    :ilo_region: Asia and the Pacific
    :country: China
- :name: Guangdong (China)
  :type: :region
  :fields:
    :oc_jurisdiction_key: cn_44
    :ilo_region: Asia and the Pacific
    :country: China
- :name: Guangxi (China)
  :type: :region
  :fields:
    :oc_jurisdiction_key: cn_45
    :ilo_region: Asia and the Pacific
    :country: China
- :name: Guizhou (China)
  :type: :region
  :fields:
    :oc_jurisdiction_key: cn_52
    :ilo_region: Asia and the Pacific
    :country: China
- :name: Prince Edward Island (Canada)
  :type: :region
  :fields:
    :oc_jurisdiction_key: ca_pe
    :ilo_region: Americas
    :country: Canada
- :name: Quebec (Canada)
  :type: :region
  :fields:
    :oc_jurisdiction_key: ca_qc
    :ilo_region: Americas
    :country: Canada
- :name: Saskatchewan (Canada)
  :type: :region
  :fields:
    :oc_jurisdiction_key: ca_sk
    :ilo_region: Americas
    :country: Canada
- :name: Northwest Territories (Canada)
  :type: :region
  :fields:
    :oc_jurisdiction_key: ca_nt
    :ilo_region: Americas
    :country: Canada
- :name: Nunavut (Canada)
  :type: :region
  :fields:
    :oc_jurisdiction_key: ca_nu
    :ilo_region: Americas
    :country: Canada
- :name: Yukon (Canada)
  :type: :region
  :fields:
    :oc_jurisdiction_key: ca_yt
    :ilo_region: Americas
    :country: Canada
- :name: New Brunswick (Canada)
  :type: :region
  :fields:
    :oc_jurisdiction_key: ca_nb
    :ilo_region: Americas
    :country: Canada
- :name: Newfoundland and Labrador (Canada)
  :type: :region
  :fields:
    :oc_jurisdiction_key: ca_nl
    :ilo_region: Americas
    :country: Canada
- :name: Nova Scotia (Canada)
  :type: :region
  :fields:
    :oc_jurisdiction_key: ca_ns
    :ilo_region: Americas
    :country: Canada
- :name: Shanghai (China)
  :type: :region
  :fields:
    :oc_jurisdiction_key: cn_31
    :ilo_region: Asia and the Pacific
    :country: China
- :name: Shanxi (China)
  :type: :region
  :fields:
    :oc_jurisdiction_key: cn_14
    :ilo_region: Asia and the Pacific
    :country: China
- :name: Sichuan (China)
  :type: :region
  :fields:
    :oc_jurisdiction_key: cn_51
    :ilo_region: Asia and the Pacific
    :country: China
- :name: Tianjin (China)
  :type: :region
  :fields:
    :oc_jurisdiction_key: cn_12
    :ilo_region: Asia and the Pacific
    :country: China
- :name: Tibet (China)
  :type: :region
  :fields:
    :oc_jurisdiction_key: cn_54
    :ilo_region: Asia and the Pacific
    :country: China
- :name: Xinjiang (China)
  :type: :region
  :fields:
    :oc_jurisdiction_key: cn_65
    :ilo_region: Asia and the Pacific
    :country: China
- :name: Yunnan (China)
  :type: :region
  :fields:
    :oc_jurisdiction_key: cn_53
    :ilo_region: Asia and the Pacific
    :country: China
- :name: Zhejiang (China)
  :type: :region
  :fields:
    :oc_jurisdiction_key: cn_33
    :ilo_region: Asia and the Pacific
    :country: China
- :name: Ajman (United Arab Emirates)
  :type: :region
  :fields:
    :oc_jurisdiction_key: ae_aj
    :ilo_region: Arab States
    :country: United Arab Emirates
- :name: Fujairah (United Arab Emirates)
  :type: :region
  :fields:
    :oc_jurisdiction_key: ae_fu
    :ilo_region: Arab States
    :country: United Arab Emirates
- :name: Liaoning (China)
  :type: :region
  :fields:
    :oc_jurisdiction_key: cn_21
    :ilo_region: Asia and the Pacific
    :country: China
- :name: Macau (China)
  :type: :region
  :fields:
    :oc_jurisdiction_key: cn_92
    :ilo_region: Asia and the Pacific
    :country: China
- :name: Ningxia (China)
  :type: :region
  :fields:
    :oc_jurisdiction_key: cn_64
    :ilo_region: Asia and the Pacific
    :country: China
- :name: Qinghai (China)
  :type: :region
  :fields:
    :oc_jurisdiction_key: cn_63
    :ilo_region: Asia and the Pacific
    :country: China
- :name: Shaanxi (China)
  :type: :region
  :fields:
    :oc_jurisdiction_key: cn_61
    :ilo_region: Asia and the Pacific
    :country: China
- :name: Shandong (China)
  :type: :region
  :fields:
    :oc_jurisdiction_key: cn_37
    :ilo_region: Asia and the Pacific
    :country: China
- :name: Abu Dhabi (United Arab Emirates)
  :type: :region
  :fields:
    :oc_jurisdiction_key: ae_az
    :ilo_region: Arab States
    :country: United Arab Emirates
- :name: Dubai (United Arab Emirates)
  :type: :region
  :fields:
    :oc_jurisdiction_key: ae_du
    :ilo_region: Arab States
    :country: United Arab Emirates
- :name: Inner Mongolia (China)
  :type: :region
  :fields:
    :oc_jurisdiction_key: cn_15
    :ilo_region: Asia and the Pacific
    :country: China
- :name: Jiangsu (China)
  :type: :region
  :fields:
    :oc_jurisdiction_key: cn_32
    :ilo_region: Asia and the Pacific
    :country: China
- :name: Jiangxi (China)
  :type: :region
  :fields:
    :oc_jurisdiction_key: cn_36
    :ilo_region: Asia and the Pacific
    :country: China
- :name: Jilin (China)
  :type: :region
  :fields:
    :oc_jurisdiction_key: cn_22
    :ilo_region: Asia and the Pacific
    :country: China
- :name: Kansas (United States)
  :type: :region
  :fields:
    :oc_jurisdiction_key: us_ks
    :ilo_region: Americas
    :country: United States
- :name: Kentucky (United States)
  :type: :region
  :fields:
    :oc_jurisdiction_key: us_ky
    :ilo_region: Americas
    :country: United States
- :name: Louisiana (United States)
  :type: :region
  :fields:
    :oc_jurisdiction_key: us_la
    :ilo_region: Americas
    :country: United States
- :name: Massachusetts (United States)
  :type: :region
  :fields:
    :oc_jurisdiction_key: us_ma
    :ilo_region: Americas
    :country: United States
- :name: Maryland (United States)
  :type: :region
  :fields:
    :oc_jurisdiction_key: us_md
    :ilo_region: Americas
    :country: United States
- :name: Maine (United States)
  :type: :region
  :fields:
    :oc_jurisdiction_key: us_me
    :ilo_region: Americas
    :country: United States
- :name: Michigan (United States)
  :type: :region
  :fields:
    :oc_jurisdiction_key: us_mi
    :ilo_region: Americas
    :country: United States
- :name: District of Columbia (United States)
  :type: :region
  :fields:
    :oc_jurisdiction_key: us_dc
    :ilo_region: Americas
    :country: United States
- :name: Florida (United States)
  :type: :region
  :fields:
    :oc_jurisdiction_key: us_fl
    :ilo_region: Americas
    :country: United States
- :name: Georgia (United States)
  :type: :region
  :fields:
    :oc_jurisdiction_key: us_ga
    :ilo_region: Americas
    :country: United States
- :name: Hawaii (United States)
  :type: :region
  :fields:
    :oc_jurisdiction_key: us_hi
    :ilo_region: Americas
    :country: United States
- :name: Iowa (United States)
  :type: :region
  :fields:
    :oc_jurisdiction_key: us_ia
    :ilo_region: Americas
    :country: United States
- :name: Idaho (United States)
  :type: :region
  :fields:
    :oc_jurisdiction_key: us_id
    :ilo_region: Americas
    :country: United States
- :name: Illinois (United States)
  :type: :region
  :fields:
    :oc_jurisdiction_key: us_il
    :ilo_region: Americas
    :country: United States
- :name: Indiana (United States)
  :type: :region
  :fields:
    :oc_jurisdiction_key: us_in
    :ilo_region: Americas
    :country: United States
- :name: Umm Al-quwain (United Arab Emirates)
  :type: :region
  :fields:
    :oc_jurisdiction_key: ae_uq
    :ilo_region: Arab States
    :country: United Arab Emirates
- :name: Utah (United States)
  :type: :region
  :fields:
    :oc_jurisdiction_key: us_ut
    :ilo_region: Americas
    :country: United States
- :name: Virginia (United States)
  :type: :region
  :fields:
    :oc_jurisdiction_key: us_va
    :ilo_region: Americas
    :country: United States
- :name: Vermont (United States)
  :type: :region
  :fields:
    :oc_jurisdiction_key: us_vt
    :ilo_region: Americas
    :country: United States
- :name: Rhode Island (United States)
  :type: :region
  :fields:
    :oc_jurisdiction_key: us_ri
    :ilo_region: Americas
    :country: United States
- :name: South Carolina (United States)
  :type: :region
  :fields:
    :oc_jurisdiction_key: us_sc
    :ilo_region: Americas
    :country: United States
- :name: South Dakota (United States)
  :type: :region
  :fields:
    :oc_jurisdiction_key: us_sd
    :ilo_region: Americas
    :country: United States
- :name: Tennessee (United States)
  :type: :region
  :fields:
    :oc_jurisdiction_key: us_tn
    :ilo_region: Americas
    :country: United States
- :name: Texas (United States)
  :type: :region
  :fields:
    :oc_jurisdiction_key: us_tx
    :ilo_region: Americas
    :country: United States
- :name: Arizona (United States)
  :type: :region
  :fields:
    :oc_jurisdiction_key: us_az
    :ilo_region: Americas
    :country: United States
- :name: California (United States)
  :type: :region
  :fields:
    :oc_jurisdiction_key: us_ca
    :ilo_region: Americas
    :country: United States
- :name: Colorado (United States)
  :type: :region
  :fields:
    :oc_jurisdiction_key: us_co
    :ilo_region: Americas
    :country: United States
- :name: Connecticut (United States)
  :type: :region
  :fields:
    :oc_jurisdiction_key: us_ct
    :ilo_region: Americas
    :country: United States
- :name: Delaware (United States)
  :type: :region
  :fields:
    :oc_jurisdiction_key: us_de
    :ilo_region: Americas
    :country: United States
- :name: Alaska (United States)
  :type: :region
  :fields:
    :oc_jurisdiction_key: us_ak
    :ilo_region: Americas
    :country: United States
- :name: Alabama (United States)
  :type: :region
  :fields:
    :oc_jurisdiction_key: us_al
    :ilo_region: Americas
    :country: United States
- :name: Arkansas (United States)
  :type: :region
  :fields:
    :oc_jurisdiction_key: us_ar
    :ilo_region: Americas
    :country: United States
- :name: Nebraska (United States)
  :type: :region
  :fields:
    :oc_jurisdiction_key: us_ne
    :ilo_region: Americas
    :country: United States
- :name: New Hampshire (United States)
  :type: :region
  :fields:
    :oc_jurisdiction_key: us_nh
    :ilo_region: Americas
    :country: United States
- :name: New Jersey (United States)
  :type: :region
  :fields:
    :oc_jurisdiction_key: us_nj
    :ilo_region: Americas
    :country: United States
- :name: New Mexico (United States)
  :type: :region
  :fields:
    :oc_jurisdiction_key: us_nm
    :ilo_region: Americas
    :country: United States
- :name: Nevada (United States)
  :type: :region
  :fields:
    :oc_jurisdiction_key: us_nv
    :ilo_region: Americas
    :country: United States
- :name: New York (United States)
  :type: :region
  :fields:
    :oc_jurisdiction_key: us_ny
    :ilo_region: Americas
    :country: United States
- :name: Ohio (United States)
  :type: :region
  :fields:
    :oc_jurisdiction_key: us_oh
    :ilo_region: Americas
    :country: United States
- :name: Oklahoma (United States)
  :type: :region
  :fields:
    :oc_jurisdiction_key: us_ok
    :ilo_region: Americas
    :country: United States
- :name: Oregon (United States)
  :type: :region
  :fields:
    :oc_jurisdiction_key: us_or
    :ilo_region: Americas
    :country: United States
- :name: Pennsylvania (United States)
  :type: :region
  :fields:
    :oc_jurisdiction_key: us_pa
    :ilo_region: Americas
    :country: United States
- :name: Minnesota (United States)
  :type: :region
  :fields:
    :oc_jurisdiction_key: us_mn
    :ilo_region: Americas
    :country: United States
- :name: Missouri (United States)
  :type: :region
  :fields:
    :oc_jurisdiction_key: us_mo
    :ilo_region: Americas
    :country: United States
- :name: Mississippi (United States)
  :type: :region
  :fields:
    :oc_jurisdiction_key: us_ms
    :ilo_region: Americas
    :country: United States
- :name: Montana (United States)
  :type: :region
  :fields:
    :oc_jurisdiction_key: us_mt
    :ilo_region: Americas
    :country: United States
- :name: North Carolina (United States)
  :type: :region
  :fields:
    :oc_jurisdiction_key: us_nc
    :ilo_region: Americas
    :country: United States
- :name: North Dakota (United States)
  :type: :region
  :fields:
    :oc_jurisdiction_key: us_nd
    :ilo_region: Americas
    :country: United States
- :name: Washington (United States)
  :type: :region
  :fields:
    :oc_jurisdiction_key: us_wa
    :ilo_region: Americas
    :country: United States
- :name: Wisconsin (United States)
  :type: :region
  :fields:
    :oc_jurisdiction_key: us_wi
    :ilo_region: Americas
    :country: United States
- :name: West Virginia (United States)
  :type: :region
  :fields:
    :oc_jurisdiction_key: us_wv
    :ilo_region: Americas
    :country: United States
- :name: Wyoming (United States)
  :type: :region
  :fields:
    :oc_jurisdiction_key: us_wy
    :ilo_region: Americas
    :country: United States
- :name: Headquarters value (jurisdiction)
  :type: :region
  :fields:
    :ilo_region: ILO Region
    :country: core+country value
- :name: Laos
  :type: :region
  :fields:
    :ilo_region: Asia and the Pacific
    :country: Laos
- :name: North Macedonia
  :type: :region
  :fields:
    :ilo_region: Europe and Central Asia
    :country: North Macedonia
- :name: Ontario, Canada
  :type: :region
  :fields:
    :oc_jurisdiction_key: ca_on
    :ilo_region: Americas
    :country: Canada
- :name: Vietnam
  :type: :region
  :fields:
    :ilo_region: Asia and the Pacific
    :country: Vietnam
- :name: United Arab Emirates
  :type: :region
  :fields:
    :ilo_region: Arab States
    :country: United Arab Emirates
- :name: United States
  :type: :region
  :fields:
    :ilo_region: Americas
    :country: United States
